{
  "header": {
    "frame_id": "tf_camera"
  },
  "width": 640,
  "height": 480,
  "distortion_model": "plumb_bob",
  "D": [
    -0.3055922322256572,
    0.1327657254931037,
    0.0010529200006077347,
    0.0007537770371342291,
    0.0
  ],
  "K": [
    539.8853193064406,
    0.0,
    290.0347382015241,
    0.0,
    539.3911641902295,
    267.2787858937308,
    0.0,
    0.0,
    1.0
  ],
  "R": [
    1.0,
    0.0,
    0.0,
    0.0,
    1.0,
    0.0,
    0.0,
    0.0,
    1.0
  ],
  "P": [
    478.7103271484375, 0.0, 283.5353321156799, 0.0, 0.0, 502.72369384765625, 270.741585324231, 0.0, 0.0, 0.0, 1.0, 0.0
  ]
}
